instance,short_label,population_family,convention,input_laws,ordered_pairs_per_law,mean_mean,mean_positive_mean,mean_negative_mean,mean_positive_mass,mean_negative_mass,mean_zero_mass,law_mean_benefit_mean,law_mean_benefit_q05,law_mean_benefit_q25,law_mean_benefit_q50,law_mean_benefit_q75,law_mean_benefit_q95,law_mean_benefit_exact_zero_fraction
separable_pl_d4,PL 4D,broad,benefit: mean parental objective minus midpoint objective,128,1024,2.9174632140537806,2.9174632140537806,0.0,0.96875,0.0,0.03125,2.9174632140537806,2.3705751254921563,2.6569965654405054,2.9062934262048894,3.1292032395514013,3.544732948718923,0.0
separable_pl_d4,PL 4D,clustered,benefit: mean parental objective minus midpoint objective,128,1024,3.3695515312573825,3.3695515312573825,0.0,0.96875,0.0,0.03125,3.3695515312573825,3.0269614769785367,3.2925920408091773,3.4292989267479816,3.481611450384352,3.540613222559741,0.0
separable_pl_d8,PL 8D,broad,benefit: mean parental objective minus midpoint objective,128,1024,5.8951928185951425,5.8951928185951425,0.0,0.96875,0.0,0.03125,5.8951928185951425,5.077252527687955,5.577963798125986,5.839921091266,6.214988759557137,6.751209181080906,0.0
separable_pl_d8,PL 8D,clustered,benefit: mean parental objective minus midpoint objective,128,1024,6.749835048598802,6.749835048598802,0.0,0.96875,0.0,0.03125,6.749835048598802,6.155715369655444,6.628608371761326,6.847885029985445,6.944493015320433,7.0329568196254355,0.0
rotated_anisotropic_pl_d4,Rotated PL 4D,broad,benefit: mean parental objective minus midpoint objective,128,1024,4.478254891415158,4.478254932566527,-4.1151368036318556e-08,0.9687347412109375,1.52587890625e-05,0.03125,4.478254891415158,3.5642453267473564,4.096978009084829,4.456802642114004,4.894995447694802,5.598964899939464,0.0
rotated_anisotropic_pl_d4,Rotated PL 4D,clustered,benefit: mean parental objective minus midpoint objective,128,1024,4.225230343843004,4.225230388331248,-4.448824477155922e-08,0.9684906005859375,0.0002593994140625,0.03125,4.225230343843004,3.8921345609932736,4.1566153082114505,4.261682363910042,4.344983981233408,4.434975629990619,0.0
rotated_anisotropic_pl_d8,Rotated PL 8D,broad,benefit: mean parental objective minus midpoint objective,128,1024,8.911574013604747,8.911574013604747,0.0,0.96875,0.0,0.03125,8.911574013604747,7.586856740597963,8.178299033329562,8.905161531206698,9.449505838098542,10.595514264980705,0.0
rotated_anisotropic_pl_d8,Rotated PL 8D,clustered,benefit: mean parental objective minus midpoint objective,128,1024,9.361395765481312,9.361395765481312,0.0,0.96875,0.0,0.03125,9.361395765481312,8.632464690487529,9.2409399874358,9.463111858767336,9.593397208520306,9.710435913550322,0.0
quartic_d4,Quartic 4D,broad,benefit: mean parental objective minus midpoint objective,128,1024,17.565179647859054,17.61466597213359,-0.04948632427453306,0.8942108154296875,0.0745391845703125,0.03125,17.565179647859054,8.477605260561827,13.867514543763951,16.820111781075255,20.581117859358013,28.84238352980061,0.0
quartic_d4,Quartic 4D,clustered,benefit: mean parental objective minus midpoint objective,128,1024,-1.8140024738728453,0.03832730840802431,-1.8523297822808698,0.481658935546875,0.487091064453125,0.03125,-1.8140024738728453,-1.881043947137248,-1.8600997754128779,-1.833431136087103,-1.7981302862191024,-1.686463941637611,0.0
quartic_d8,Quartic 8D,broad,benefit: mean parental objective minus midpoint objective,128,1024,37.37167472417427,37.38172969668962,-0.010054972515352503,0.9572296142578125,0.0115203857421875,0.03125,37.37167472417427,26.231812519930592,31.35935105328359,36.43755293246991,41.41245821932595,54.1433245695315,0.0
quartic_d8,Quartic 8D,clustered,benefit: mean parental objective minus midpoint objective,128,1024,-3.5916221604119283,0.07855800325316425,-3.6701801636650924,0.48583984375,0.48291015625,0.03125,-3.5916221604119283,-3.7491434166137134,-3.7051912983629594,-3.666054141475307,-3.5686877379954627,-3.195071582545589,0.0
rastrigin_d4,Rastrigin 4D,broad,benefit: mean parental objective minus midpoint objective,128,1024,2.8496801482384857,8.214806230389247,-5.365126082150761,0.5508270263671875,0.4179229736328125,0.03125,2.8496801482384857,-1.2500174225198528,1.4712845070383933,3.1679008203369348,4.474176078014826,6.551179892575716,0.0
rastrigin_d4,Rastrigin 4D,clustered,benefit: mean parental objective minus midpoint objective,128,1024,5.283833135931674,5.283833468451838,-3.3252016347904475e-07,0.9687347412109375,1.52587890625e-05,0.03125,5.283833135931674,4.708975570503088,5.049395026265812,5.224966173787633,5.543591221847445,5.901303548001866,0.0
rosenbrock_d4,Rosenbrock 4D,broad,benefit: mean parental objective minus midpoint objective,128,1024,20.746059820078955,20.752993179169287,-0.006933359090330491,0.9586944580078125,0.0100555419921875,0.03125,20.746059820078955,11.156845358034019,16.39158683569214,19.41307037370278,24.79887656835191,32.69757666731425,0.0
rosenbrock_d4,Rosenbrock 4D,clustered,benefit: mean parental objective minus midpoint objective,128,1024,3.809033766344247,3.809116882729643,-8.311638539590624e-05,0.9598236083984375,0.0089263916015625,0.03125,3.809033766344247,3.3016994238298536,3.6856317024159244,3.8466557842550833,3.975782058285069,4.133196746988749,0.0
wells_d4,Unequal wells 4D,broad,benefit: mean parental objective minus midpoint objective,128,1024,5.581215527524053,5.5892979357877195,-0.008082408263667146,0.93243408203125,0.03631591796875,0.03125,5.581215527524053,2.2349426409248636,3.6473389900775115,4.799051390463784,6.787207193348656,11.109493857665381,0.0
wells_d4,Unequal wells 4D,clustered,benefit: mean parental objective minus midpoint objective,128,1024,0.3796235661489934,0.3796235661489934,0.0,0.96875,0.0,0.03125,0.3796235661489934,0.3364861307442816,0.36591477984583476,0.3828303928512712,0.3954784800354407,0.4122735871988028,0.0
periodic_d1,Periodic 1D,broad,benefit: mean parental objective minus midpoint objective,128,1024,0.17431788497219486,0.1890811347960798,-0.014763249823884939,0.8351593017578125,0.1335906982421875,0.03125,0.17431788497219486,0.09274119124981674,0.1404142894109398,0.17605432896598577,0.20770628998642787,0.257223050877496,0.0
periodic_d1,Periodic 1D,clustered,benefit: mean parental objective minus midpoint objective,128,1024,0.22385428482555514,0.22385428482555514,0.0,0.96875,0.0,0.03125,0.22385428482555514,0.20365272766617729,0.21967040434499743,0.2244108413335974,0.23127541894571507,0.24006416211755358,0.0
