instance,population_family,component,coefficient_definition,laws,mean,q10,median,q90,minimum,maximum,negative_coefficient_count
separable_pl_d4,broad,drift,-G_component(f)/V,128,0.5897839298389445,0.5489755874456235,0.5874076094427569,0.6370057432719258,0.5167731099577747,0.6876584101016199,0
separable_pl_d4,broad,diffusion,-G_component(f)/V,128,-0.017985918653103214,-0.021109459432095575,-0.017600597638246656,-0.015246420337286319,-0.02431440486609369,-0.012908091352586656,128
separable_pl_d4,broad,selection,-G_component(f)/V,128,0.03563604173407542,0.0213314119073997,0.033759319864652804,0.05285343334070937,0.011962863633547233,0.07144391067451519,0
separable_pl_d4,broad,recombination,-G_component(f)/V,128,0.31528118797643223,0.2795676893759585,0.3169898348958241,0.35318090199179314,0.21502744923143194,0.39966406571973695,0
separable_pl_d4,clustered,drift,-G_component(f)/V,128,0.8271166939322618,0.815440878593568,0.8265274128558721,0.8370060480389139,0.806140073849044,0.8593856234791711,0
separable_pl_d4,clustered,diffusion,-G_component(f)/V,128,-0.013035570862378741,-0.013626023964797323,-0.01296982132952889,-0.012375993228991307,-0.015098575745514984,-0.011745898438959073,128
separable_pl_d4,clustered,selection,-G_component(f)/V,128,0.000758662181516366,0.0005424536049712073,0.0007362738934025288,0.0009932373052604028,0.0003861944213388613,0.0013893934712732605,0
separable_pl_d4,clustered,recombination,-G_component(f)/V,128,0.48100518815209903,0.4497587620147663,0.4902621711722458,0.4974677534193847,0.36495838611241843,0.49826756791961585,0
separable_pl_d8,broad,drift,-G_component(f)/V,128,0.4228578839545665,0.4037372538723577,0.42076848543207634,0.4446327903197473,0.38320393735160146,0.47339521854915567,0
separable_pl_d8,broad,diffusion,-G_component(f)/V,128,-0.017465016204641547,-0.019462300353558667,-0.017432685276390213,-0.015548471294809177,-0.021652280917250258,-0.013701212735005446,128
separable_pl_d8,broad,selection,-G_component(f)/V,128,0.009188912082160116,0.005923330260463743,0.008559232231099936,0.013048545226069928,0.004173868274767148,0.02051025773836135,0
separable_pl_d8,broad,recombination,-G_component(f)/V,128,0.31521590712365444,0.2814485436163436,0.31741798576594793,0.34195176229213037,0.25821479239141953,0.36317421681176637,0
separable_pl_d8,clustered,drift,-G_component(f)/V,128,0.5895662020292787,0.5835887929380166,0.5897941657560246,0.5950554195281413,0.5789319338027782,0.6003914009399486,0
separable_pl_d8,clustered,diffusion,-G_component(f)/V,128,-0.013073655082443543,-0.013515719786464287,-0.013087436010143998,-0.012555415677559755,-0.014073790793748158,-0.012251476882448152,128
separable_pl_d8,clustered,selection,-G_component(f)/V,128,0.00022177528656261246,0.00015473957154167795,0.00021595205265599712,0.00030582239231015883,0.00010912363255691125,0.0003654813516276241,0
separable_pl_d8,clustered,recombination,-G_component(f)/V,128,0.4823022128312447,0.44967521745690764,0.4899770431889032,0.497856415251499,0.40392194681601784,0.4982089259230576,0
rotated_anisotropic_pl_d4,broad,drift,-G_component(f)/V,128,0.6110027521591266,0.5673552180205714,0.606627611647074,0.6516541574300477,0.5275817835062592,0.7029996939627399,0
rotated_anisotropic_pl_d4,broad,diffusion,-G_component(f)/V,128,-0.01810114168049982,-0.021219590614036773,-0.017908139793084737,-0.015200300910256303,-0.02698579469355999,-0.01297369198443562,128
rotated_anisotropic_pl_d4,broad,selection,-G_component(f)/V,128,0.026808182256418067,0.01666620703638323,0.025268366937682238,0.04018618038888409,0.009494755356332459,0.06871292624024376,0
rotated_anisotropic_pl_d4,broad,recombination,-G_component(f)/V,128,0.3259860995243797,0.2904177852119701,0.326179081641382,0.36218495941689277,0.2539328618412474,0.3871244941389313,0
rotated_anisotropic_pl_d4,clustered,drift,-G_component(f)/V,128,0.9186470204595776,0.9084320696479754,0.9177791500543031,0.9307438325935788,0.8847125490348542,0.9442286190846799,0
rotated_anisotropic_pl_d4,clustered,diffusion,-G_component(f)/V,128,-0.02394893657575938,-0.024941663012082095,-0.023938291184614144,-0.02285614143695698,-0.02631108349495202,-0.021382632607109764,128
rotated_anisotropic_pl_d4,clustered,selection,-G_component(f)/V,128,0.0007839782925358564,0.0005093490600789752,0.0007723891844055762,0.0010292015520590846,0.000414401065118198,0.001402035107176672,0
rotated_anisotropic_pl_d4,clustered,recombination,-G_component(f)/V,128,0.48358586615308496,0.46505767746539084,0.4905288810965266,0.4977437406722215,0.3972342191101995,0.4982612726167419,0
rotated_anisotropic_pl_d8,broad,drift,-G_component(f)/V,128,0.4349087261624357,0.4135821271954527,0.4356180998990917,0.45639878086934227,0.3970549792627978,0.47752254359059515,0
rotated_anisotropic_pl_d8,broad,diffusion,-G_component(f)/V,128,-0.01734963242957984,-0.019666822974736296,-0.01723117131375068,-0.015123151941402593,-0.02243803282743121,-0.01402726898468338,128
rotated_anisotropic_pl_d8,broad,selection,-G_component(f)/V,128,0.006591339302879576,0.004130347745125558,0.006464322953898658,0.009164416363403885,0.003041329885940045,0.011958531317232362,0
rotated_anisotropic_pl_d8,broad,recombination,-G_component(f)/V,128,0.3128789361881654,0.28880031748267837,0.3095439548781309,0.3391465432247395,0.26494525181585316,0.3622168177207058,0
rotated_anisotropic_pl_d8,clustered,drift,-G_component(f)/V,128,0.5321055094799998,0.5267934543685853,0.5322143390091818,0.5370540013863376,0.5177541689470405,0.542306492579616,0
rotated_anisotropic_pl_d8,clustered,diffusion,-G_component(f)/V,128,-0.02614858745509585,-0.026694512239334396,-0.02617466109929471,-0.025649815412099528,-0.027262988078592204,-0.024922956624698664,128
rotated_anisotropic_pl_d8,clustered,selection,-G_component(f)/V,128,0.0001306934601279754,9.689167454735915e-05,0.00013065001658926924,0.00016800101034617764,5.963971964870982e-05,0.00023576083452423683,0
rotated_anisotropic_pl_d8,clustered,recombination,-G_component(f)/V,128,0.48453209289446875,0.4659195684900056,0.490700995426707,0.49819305102910405,0.42827828488256614,0.4985958239068134,0
quartic_d4,broad,drift,-G_component(f)/V,128,1.4799518439569908,1.2921701345233667,1.4677758860412617,1.6757014006894122,1.0344596484503186,1.8772215905296852,0
quartic_d4,broad,diffusion,-G_component(f)/V,128,-0.05601210638246614,-0.07256504203008543,-0.05457896812900756,-0.042801265341259005,-0.08876697112226535,-0.026920286289695866,128
quartic_d4,broad,selection,-G_component(f)/V,128,0.12080061247175158,0.09728182411971414,0.11972809662721628,0.1481683472704788,0.07376314513907013,0.17365292298880464,0
quartic_d4,broad,recombination,-G_component(f)/V,128,0.6672374608288072,0.6310203178921276,0.6667265344426556,0.7062159903372817,0.5627634462678043,0.7353836512354793,0
quartic_d4,clustered,drift,-G_component(f)/V,128,8.05648522559688,7.605861851667384,8.038024471420803,8.540476735676105,7.250249391937159,9.012524666720655,0
quartic_d4,clustered,diffusion,-G_component(f)/V,128,-4.154069354968013,-4.872422891344463,-4.144796588964809,-3.50102477229131,-5.352684714331782,-2.9892671464297655,128
quartic_d4,clustered,selection,-G_component(f)/V,128,0.056300558574794435,0.037267750837212614,0.054204665894604306,0.08077857069889109,0.02110656996930803,0.11207959465026891,0
quartic_d4,clustered,recombination,-G_component(f)/V,128,-11.670456281687802,-13.854289346496815,-11.603529539781547,-9.69911476478566,-15.50263186178629,-7.910205911555548,128
quartic_d8,broad,drift,-G_component(f)/V,128,1.2064701682881334,1.1050013375012515,1.2193119384766367,1.2983855371936064,0.9822810133822446,1.4039341951881859,0
quartic_d8,broad,diffusion,-G_component(f)/V,128,-0.0526127346265613,-0.06078097926270933,-0.05270944496167543,-0.044586888417966895,-0.07730983077365845,-0.03243128905659334,128
quartic_d8,broad,selection,-G_component(f)/V,128,0.03710047314881365,0.026096630168879007,0.03508749503717169,0.04841812669594184,0.01506473162015662,0.06854885551722047,0
quartic_d8,broad,recombination,-G_component(f)/V,128,0.6752728392086167,0.6478307363263729,0.6761506752663367,0.7003526229960457,0.5970679546252938,0.7307748263560976,0
quartic_d8,clustered,drift,-G_component(f)/V,128,6.427420449098452,6.121794942633787,6.416016184237495,6.715230495242627,5.710874368691546,7.177793752079984,0
quartic_d8,clustered,diffusion,-G_component(f)/V,128,-4.082097435284959,-4.538219005583772,-4.05698815399884,-3.690194598863761,-5.270038885266399,-3.2486419018700707,128
quartic_d8,clustered,selection,-G_component(f)/V,128,0.044156886549737526,0.029612217788270275,0.04345026311363817,0.05902647153769157,0.02157789080879643,0.07722094161165284,0
quartic_d8,clustered,recombination,-G_component(f)/V,128,-11.275466572174226,-12.815172238794148,-11.161508247213995,-9.999344353780593,-15.392787289965566,-6.780783854564677,128
rastrigin_d4,broad,drift,-G_component(f)/V,128,1.8527947232225181,1.7173109616614632,1.842138762551639,1.9885130766335708,1.6244150330395948,2.227878480002202,0
rastrigin_d4,broad,diffusion,-G_component(f)/V,128,-0.0038692069787713843,-0.06324450510933537,-0.0010835115077852983,0.041979590579937255,-0.128895071728231,0.06808063527345357,66
rastrigin_d4,broad,selection,-G_component(f)/V,128,0.002973757626799898,0.0016265806389506223,0.0025572770986628706,0.0049725325549578115,0.0010578213400188022,0.008613899444174981,0
rastrigin_d4,broad,recombination,-G_component(f)/V,128,0.0575171612107315,-0.015989044244638595,0.06603376591154664,0.11545086756998238,-0.1272288990847782,0.160996057350355,20
rastrigin_d4,clustered,drift,-G_component(f)/V,128,5.681693811521399,5.446557918912071,5.698684669039201,5.912900857958891,5.237240856321303,6.22044461071752,0
rastrigin_d4,clustered,diffusion,-G_component(f)/V,128,-2.328736635216763,-2.5889172201897552,-2.3478619280773962,-2.0093430825194525,-3.138467308292458,-1.8133548405089575,128
rastrigin_d4,clustered,selection,-G_component(f)/V,128,0.012194138655625285,0.009122636123770544,0.011989827000519974,0.01570186043184527,0.005978860514320523,0.02000882687250949,0
rastrigin_d4,clustered,recombination,-G_component(f)/V,128,0.4691599526044272,0.45456210797928115,0.4717088563963689,0.48139831603659583,0.42920123811013766,0.48565445625037246,0
rosenbrock_d4,broad,drift,-G_component(f)/V,128,1.292151853658175,1.139831464879571,1.2933066394270316,1.4672048685195354,0.982854709687045,1.598240863803444,0
rosenbrock_d4,broad,diffusion,-G_component(f)/V,128,-0.04388169211069971,-0.057117113489645564,-0.042971557506961786,-0.03372338187358873,-0.06838638262900895,-0.0245116664866592,128
rosenbrock_d4,broad,selection,-G_component(f)/V,128,0.09840838512861624,0.06416097713441403,0.09625274933836234,0.13917532945690095,0.03573990301232585,0.16939590726775333,0
rosenbrock_d4,broad,recombination,-G_component(f)/V,128,0.5942131543894227,0.5425710478840177,0.5941502421770644,0.6462693437120575,0.4613570977315055,0.6931227682979649,0
rosenbrock_d4,clustered,drift,-G_component(f)/V,128,2.1006864262250966,2.060666019416957,2.1023056278860643,2.1417406270996575,2.0205697367750384,2.199445177661316,0
rosenbrock_d4,clustered,diffusion,-G_component(f)/V,128,-0.10895116520441334,-0.11276079643110311,-0.10905382584533513,-0.10518711794544905,-0.11519765865678748,-0.10086441334755222,128
rosenbrock_d4,clustered,selection,-G_component(f)/V,128,0.004974902462315503,0.0034323082792060418,0.004785361016847669,0.006806998517239154,0.0024971326946594923,0.008697153570579553,0
rosenbrock_d4,clustered,recombination,-G_component(f)/V,128,0.48500409055384064,0.45240704325584363,0.49456519366775753,0.5041314793370267,0.37287457652634165,0.507100140154833,0
wells_d4,broad,drift,-G_component(f)/V,128,1.3447818709074761,1.201796794226088,1.3452917840418466,1.486494764231646,1.0028044858048677,1.6444939950186444,0
wells_d4,broad,diffusion,-G_component(f)/V,128,-0.04664230022904495,-0.05837349327439163,-0.045520420138745916,-0.03546670206010293,-0.06560011964614834,-0.020645294551936585,128
wells_d4,broad,selection,-G_component(f)/V,128,0.13455790668954834,0.09365371344930133,0.1348415632290394,0.17199858472696386,0.05013127342166032,0.22979140479090296,0
wells_d4,broad,recombination,-G_component(f)/V,128,0.5588234476427814,0.4762977713685991,0.5650991272003615,0.6357762358707076,0.41549873507770635,0.7422478017155265,0
wells_d4,clustered,drift,-G_component(f)/V,128,0.9143282243339588,0.8642043589820145,0.9097489013920137,0.9703337668926687,0.8264147983637942,1.008441689924182,0
wells_d4,clustered,diffusion,-G_component(f)/V,128,-0.11743151499401941,-0.12613169110156494,-0.11632492229262861,-0.10954421219482993,-0.13478400296729973,-0.10315228080338315,128
wells_d4,clustered,selection,-G_component(f)/V,128,0.01137133038698819,0.009239386219433862,0.011199955222176098,0.013730364621894076,0.007617766955490971,0.015537669884485487,0
wells_d4,clustered,recombination,-G_component(f)/V,128,0.19388264236321118,0.1766487747213439,0.1975228700870447,0.20494176856630286,0.14818148479646664,0.21269143021187273,0
periodic_d1,broad,drift,-G_component(f)/V,128,0.6302249702737043,0.510156789629273,0.6279672020183588,0.7443619383960378,0.3933679157387885,0.9177971760296415,0
periodic_d1,broad,diffusion,-G_component(f)/V,128,-0.013350621082211245,-0.020498704812762274,-0.012761844923467951,-0.007062960783590257,-0.030608169011420917,-0.001684350577990104,128
periodic_d1,broad,selection,-G_component(f)/V,128,0.19955444435778177,0.16393233382986958,0.19979408170330276,0.23729370652449105,0.12147301380928074,0.2862525954531149,0
periodic_d1,broad,recombination,-G_component(f)/V,128,0.28474702626043435,0.18536238304095676,0.28644984694888104,0.3815328529601133,0.06669028521742233,0.41713036681365756,0
periodic_d1,clustered,drift,-G_component(f)/V,128,1.163311283862241,1.1427634176541153,1.163769561848513,1.1853251316266131,1.124260226732163,1.2046758849461412,0
periodic_d1,clustered,diffusion,-G_component(f)/V,128,-0.023243875953525027,-0.02510263530551074,-0.02314008341633607,-0.02153091419343827,-0.02702908454509754,-0.020056966969249284,128
periodic_d1,clustered,selection,-G_component(f)/V,128,0.00694329883865415,0.004370372736413913,0.006858771099507548,0.00909338184359689,0.003366883058948132,0.012312338065669339,0
periodic_d1,clustered,recombination,-G_component(f)/V,128,0.48350870524437,0.4644004994109087,0.4908018513272646,0.4984517409354216,0.35899889625001524,0.4990370352612894,0
