instance,population_family,assembly,assembly_label,omega,gamma,sigma,laws,lambda_cal_both_families,lambda_holdout_min,lambda_holdout_mean,lambda_holdout_q10,lambda_holdout_median,lambda_holdout_q90,positive_generator_count,drift_envelope_violations,guarded_ratios
separable_pl_d4,broad,S0_R0_H0,D,0,0,0.0,128,0.5075571980233138,0.5167731099577747,0.5897839298389445,0.5489755874456235,0.5874076094427569,0.6370057432719258,0,0,0
separable_pl_d4,broad,S0_R0_H1,D+H,0,0,0.2,128,0.4953868512443855,0.5020497680220577,0.5717980111858412,0.5339878073368042,0.5694903897373731,0.6165188380182922,0,0,0
separable_pl_d4,broad,S0_R1_H0,D+R,0,1,0.0,128,0.7386157857893879,0.7864686920071832,0.9050651178153766,0.8365093675695411,0.9026494466156256,0.9662605841214066,0,0,0
separable_pl_d4,broad,S0_R1_H1,D+R+H,0,1,0.2,128,0.7264454390104595,0.7707853776482391,0.8870791991622734,0.8215945450701656,0.8864027493758393,0.9471517435636893,0,0,0
separable_pl_d4,broad,S1_R0_H0,D+S,1,0,0.0,128,0.5240432468530188,0.5546131343960133,0.6254199715730198,0.5762035946391242,0.6191245328960981,0.6760604396947838,0,0,0
separable_pl_d4,broad,S1_R0_H1,D+S+H,1,0,0.2,128,0.5118729000740905,0.5417050430434266,0.6074340529199166,0.56146284958123,0.6026500856376168,0.6554134383527995,0,0,0
separable_pl_d4,broad,S1_R1_H0,D+S+R,1,1,0.0,128,0.755101834619093,0.8162133505855089,0.940701159549452,0.8645109935667321,0.936213091408991,1.0087703939214077,0,0,0
separable_pl_d4,broad,S1_R1_H1,D+S+R+H,1,1,0.2,128,0.7429314878401646,0.8010493558530765,0.9227152408963488,0.8485224538060148,0.9189423379401604,0.9878254426351019,0,0,0
separable_pl_d4,clustered,S0_R0_H0,D,0,0,0.0,128,0.5075571980233138,0.806140073849044,0.8271166939322618,0.815440878593568,0.8265274128558721,0.8370060480389139,0,0,0
separable_pl_d4,clustered,S0_R0_H1,D+H,0,0,0.2,128,0.4953868512443855,0.7943941754100848,0.814081123069883,0.8031029753190492,0.8135288265543676,0.823317156405861,0,0,0
separable_pl_d4,clustered,S0_R1_H0,D+R,0,1,0.0,128,0.7386157857893879,1.1853100881434335,1.308121882084361,1.2794196388713095,1.313875463617956,1.33021268151232,0,0,0
separable_pl_d4,clustered,S0_R1_H1,D+R+H,0,1,0.2,128,0.7264454390104595,1.172614502520912,1.295086311221982,1.2668557011963377,1.3009804283149005,1.316721222356395,0,0,0
separable_pl_d4,clustered,S1_R0_H0,D+S,1,0,0.0,128,0.5240432468530188,0.8070626040410807,0.8278753561137783,0.8163175747747098,0.8273025027548401,0.8378428050997284,0,0,0
separable_pl_d4,clustered,S1_R0_H1,D+S+H,1,0,0.2,128,0.5118729000740905,0.7953167056021215,0.8148397852513996,0.803963223124793,0.8143009415478638,0.8241539134666755,0,0,0
separable_pl_d4,clustered,S1_R1_H0,D+S+R,1,1,0.0,128,0.755101834619093,1.186161606671445,1.308880544265877,1.2801142420185576,1.3147575475680036,1.3310869701135783,0,0,0
separable_pl_d4,clustered,S1_R1_H1,D+S+R+H,1,1,0.2,128,0.7429314878401646,1.1734660210489234,1.2958449734034985,1.267550304343586,1.3016060419755897,1.3175955109576534,0,0,0
separable_pl_d8,broad,S0_R0_H0,D,0,0,0.0,128,0.38629277896728986,0.38320393735160146,0.4228578839545665,0.4037372538723577,0.42076848543207634,0.4446327903197473,0,1,0
separable_pl_d8,broad,S0_R0_H1,D+H,0,0,0.2,128,0.37236451429837514,0.369502724616596,0.405392867749925,0.3878755723556787,0.40376102643144446,0.42506009346387746,0,1,0
separable_pl_d8,broad,S0_R1_H0,D+R,0,1,0.0,128,0.6670347038614698,0.6446248069982019,0.7380737910782209,0.6957164423886315,0.7410890558663793,0.7761130398250076,0,2,0
separable_pl_d8,broad,S0_R1_H1,D+R+H,0,1,0.2,128,0.6508956752426585,0.6306274567810098,0.7206087748735794,0.6791555707602819,0.7235436945976923,0.7575018941338914,0,2,0
separable_pl_d8,broad,S1_R0_H0,D+S,1,0,0.0,128,0.3932529629458962,0.3911899966446259,0.43204679603672663,0.4117019255708727,0.42866653434580604,0.45578891621727285,0,1,0
separable_pl_d8,broad,S1_R0_H1,D+S+H,1,0,0.2,128,0.3793246982769814,0.37748878390962043,0.4145817798320851,0.39521688468903055,0.41155912665997885,0.43590304763801885,0,1,0
separable_pl_d8,broad,S1_R1_H0,D+S+R,1,1,0.0,128,0.675126998115639,0.6586115653622882,0.7472627031603811,0.7030276869102129,0.7501135789175495,0.7844073066952729,0,2,0
separable_pl_d8,broad,S1_R1_H1,D+S+R+H,1,1,0.2,128,0.6589879694968277,0.6446142151450961,0.7297976869557395,0.6858236603508018,0.7323974484462714,0.7657956614589299,0,1,0
separable_pl_d8,clustered,S0_R0_H0,D,0,0,0.0,128,0.38629277896728986,0.5789319338027782,0.5895662020292787,0.5835887929380166,0.5897941657560246,0.5950554195281413,0,0,0
separable_pl_d8,clustered,S0_R0_H1,D+H,0,0,0.2,128,0.37236451429837514,0.56668045692033,0.5764925469468352,0.5709877643121952,0.5767294680594999,0.5815221557608186,0,0,0
separable_pl_d8,clustered,S0_R1_H0,D+R,0,1,0.0,128,0.6670347038614698,0.98535655725596,1.0718684148605233,1.0412449541844488,1.0775564762666943,1.0892167266876986,0,0,0
separable_pl_d8,clustered,S0_R1_H1,D+R+H,0,1,0.2,128,0.6508956752426585,0.972968654841324,1.0587947597780798,1.0278922245775344,1.0645623561262143,1.0759818632535567,0,0,0
separable_pl_d8,clustered,S1_R0_H0,D+S,1,0,0.0,128,0.3932529629458962,0.5791678659479971,0.5897879773158412,0.5838966962226686,0.589999626950262,0.5952265010416893,0,0,0
separable_pl_d8,clustered,S1_R0_H1,D+S+H,1,0,0.2,128,0.3793246982769814,0.566916389065549,0.5767143222333977,0.5712921119626531,0.5769349292537371,0.5817182703822397,0,0,0
separable_pl_d8,clustered,S1_R1_H0,D+S+R,1,1,0.0,128,0.675126998115639,0.9855787225025449,1.0720901901470858,1.0415932880201109,1.0777727401658368,1.0893813910611307,0,0,0
separable_pl_d8,clustered,S1_R1_H1,D+S+R+H,1,1,0.2,128,0.6589879694968277,0.9731908200879088,1.0590165350646426,1.0282405584131966,1.0647495731448666,1.0761465276269886,0,0,0
rotated_anisotropic_pl_d4,broad,S0_R0_H0,D,0,0,0.0,128,0.5609843557762682,0.5275817835062592,0.6110027521591266,0.5673552180205714,0.606627611647074,0.6516541574300477,0,9,0
rotated_anisotropic_pl_d4,broad,S0_R0_H1,D+H,0,0,0.2,128,0.5438134184148685,0.513264436110959,0.5929016104786268,0.5524327071283546,0.5896966373249762,0.6323102766732057,0,6,0
rotated_anisotropic_pl_d4,broad,S0_R1_H0,D+R,0,1,0.0,128,0.8667842206723111,0.835956941654736,0.9369888516835062,0.8754003306768762,0.9395633657998261,0.9872730695639497,0,5,0
rotated_anisotropic_pl_d4,broad,S0_R1_H1,D+R+H,0,1,0.2,128,0.8498466688827034,0.8207948542490537,0.9188877100030064,0.8585987048911371,0.920063348835999,0.9690497541021887,0,4,0
rotated_anisotropic_pl_d4,broad,S1_R0_H0,D+S,1,0,0.0,128,0.5853949589441132,0.5560172247665723,0.6378109344155447,0.5954711365771392,0.6343372695177038,0.6803485764359442,0,6,0
rotated_anisotropic_pl_d4,broad,S1_R0_H1,D+S+H,1,0,0.2,128,0.5684574071545055,0.5416998773712722,0.6197097927350448,0.5796396591403995,0.6167849012604792,0.6597562485402293,0,5,0
rotated_anisotropic_pl_d4,broad,S1_R1_H0,D+S+R,1,1,0.0,128,0.8802549983121423,0.8481780205924097,0.9637970339399243,0.9112370754600131,0.967025057895069,1.0110308480400503,0,2,0
rotated_anisotropic_pl_d4,broad,S1_R1_H1,D+S+R+H,1,1,0.2,128,0.8633174465225345,0.8330159331867273,0.9456958922594245,0.8956515073195057,0.9486167790504594,0.9927829071045822,0,2,0
rotated_anisotropic_pl_d4,clustered,S0_R0_H0,D,0,0,0.0,128,0.5609843557762682,0.8847125490348542,0.9186470204595776,0.9084320696479754,0.9177791500543031,0.9307438325935788,0,0,0
rotated_anisotropic_pl_d4,clustered,S0_R0_H1,D+H,0,0,0.2,128,0.5438134184148685,0.8632491781131356,0.8946980838838182,0.885272697172568,0.8937049316812052,0.905837690006549,0,0,0
rotated_anisotropic_pl_d4,clustered,S0_R1_H0,D+R,0,1,0.0,128,0.8667842206723111,1.3200390407405,1.4022328866126625,1.3797116539226415,1.406518240267192,1.4217954681115836,0,0,0
rotated_anisotropic_pl_d4,clustered,S0_R1_H1,D+R+H,0,1,0.2,128,0.8498466688827034,1.2955465896028315,1.378283950036903,1.3565677193491643,1.3831841730377559,1.3971315437848422,0,0,0
rotated_anisotropic_pl_d4,clustered,S1_R0_H0,D+S,1,0,0.0,128,0.5853949589441132,0.8854611721038441,0.9194309987521134,0.909116358079856,0.9187434930427587,0.9317676734387765,0,0,0
rotated_anisotropic_pl_d4,clustered,S1_R0_H1,D+S+H,1,0,0.2,128,0.5684574071545055,0.8639978011821254,0.8954820621763541,0.8859088587678627,0.8946883530714809,0.9067121353532873,0,0,0
rotated_anisotropic_pl_d4,clustered,S1_R1_H0,D+S+R,1,1,0.0,128,0.8802549983121423,1.3208616759190364,1.4030168649051984,1.3803759650489933,1.4071042015509105,1.4223652172670187,0,0,0
rotated_anisotropic_pl_d4,clustered,S1_R1_H1,D+S+R+H,1,1,0.2,128,0.8633174465225345,1.2963692247813676,1.3790679283294391,1.3572320304755159,1.383838883748696,1.3977413489364985,0,0,0
rotated_anisotropic_pl_d8,broad,S0_R0_H0,D,0,0,0.0,128,0.3931714803981545,0.3970549792627978,0.4349087261624357,0.4135821271954527,0.4356180998990917,0.45639878086934227,0,0,0
rotated_anisotropic_pl_d8,broad,S0_R0_H1,D+H,0,0,0.2,128,0.3794778176977946,0.38222005359907646,0.4175590937328559,0.39817636956343483,0.41829219858171246,0.43725314856573255,0,0,0
rotated_anisotropic_pl_d8,broad,S0_R1_H0,D+R,0,1,0.0,128,0.6992512455673342,0.6739938128805412,0.7477876623506011,0.7127095689031359,0.7475910300112901,0.7788471041803594,0,4,0
rotated_anisotropic_pl_d8,broad,S0_R1_H1,D+R+H,0,1,0.2,128,0.6827148472423917,0.6589077343197218,0.7304380299210214,0.6975504866371214,0.7308080515801791,0.7607329264889181,0,4,0
rotated_anisotropic_pl_d8,broad,S1_R0_H0,D+S,1,0,0.0,128,0.39692636245622115,0.40032403305864933,0.4415000654653153,0.4184291740639328,0.44191332564255253,0.4652509936749967,0,0,0
rotated_anisotropic_pl_d8,broad,S1_R0_H1,D+S+H,1,0,0.2,128,0.3832326997558612,0.385489107394928,0.42415043303573546,0.4033425617664328,0.4246071875107974,0.44616294546314883,0,0,0
rotated_anisotropic_pl_d8,broad,S1_R1_H0,D+S+R,1,1,0.0,128,0.7042893795540012,0.6779651796306624,0.7543790016534807,0.7191403927509163,0.7536184978466148,0.7858178787466741,0,4,0
rotated_anisotropic_pl_d8,broad,S1_R1_H1,D+S+R+H,1,1,0.2,128,0.6877529812290586,0.662879101069843,0.7370293692239009,0.7035411907644532,0.7359019038521761,0.7677083199286459,0,4,0
rotated_anisotropic_pl_d8,clustered,S0_R0_H0,D,0,0,0.0,128,0.3931714803981545,0.5177541689470405,0.5321055094799998,0.5267934543685853,0.5322143390091818,0.5370540013863376,0,0,0
rotated_anisotropic_pl_d8,clustered,S0_R0_H1,D+H,0,0,0.2,128,0.3794778176977946,0.49265392340438113,0.5059569220249039,0.5010254977168742,0.5060160498343669,0.5107406981498203,0,0,0
rotated_anisotropic_pl_d8,clustered,S0_R1_H0,D+R,0,1,0.0,128,0.6992512455673342,0.9599462558906192,1.0166376023744683,0.9916405617335174,1.0240384681368049,1.0314392084978599,0,0,0
rotated_anisotropic_pl_d8,clustered,S0_R1_H1,D+R+H,0,1,0.2,128,0.6827148472423917,0.9336832030849254,0.9904890149193726,0.9659085452308542,0.997929898629567,1.0049085111744525,0,0,0
rotated_anisotropic_pl_d8,clustered,S1_R0_H0,D+S,1,0,0.0,128,0.39692636245622115,0.517875492526064,0.5322362029401277,0.5269145006713813,0.5323484487074703,0.53717998294468,0,0,0
rotated_anisotropic_pl_d8,clustered,S1_R0_H1,D+S+H,1,0,0.2,128,0.3832326997558612,0.49277524698340464,0.506087615485032,0.5011703618032224,0.5061555292154072,0.5108865375789942,0,0,0
rotated_anisotropic_pl_d8,clustered,S1_R1_H0,D+S+R,1,1,0.0,128,0.7042893795540012,0.9600655475645422,1.0167682958345965,0.9917328643740017,1.0241606424948881,1.031564931176435,0,0,0
rotated_anisotropic_pl_d8,clustered,S1_R1_H1,D+S+R+H,1,1,0.2,128,0.6877529812290586,0.9338024947588486,0.9906197083795008,0.9660008478713388,0.9980728845512683,1.0050475981406413,0,0,0
quartic_d4,broad,S0_R0_H0,D,0,0,0.0,128,1.1161712462006694,1.0344596484503186,1.4799518439569908,1.2921701345233667,1.4677758860412617,1.6757014006894122,0,1,0
quartic_d4,broad,S0_R0_H1,D+H,0,0,0.2,128,1.0827600655171543,1.0075393621606226,1.4239397375745249,1.2497927173617818,1.412848175714975,1.6013330591147386,0,1,0
quartic_d4,broad,S0_R1_H0,D+R,0,1,0.0,128,-6.2239729825689025,1.7650144098502738,2.1471893047857984,1.9802680712132144,2.1457037922181614,2.3172302809601715,0,0,0
quartic_d4,broad,S0_R1_H1,D+R+H,0,1,0.2,128,-11.666722074977201,1.738094123560578,2.091177198403332,1.9364996805298256,2.0906433671817934,2.250078358490162,0,0,0
quartic_d4,broad,S1_R0_H0,D+S,1,0,0.0,128,1.260913462605103,1.1880100918880938,1.6007524564287428,1.4300268281002186,1.5932441071413685,1.798008445748284,0,1,0
quartic_d4,broad,S1_R0_H1,D+S+H,1,0,0.2,128,1.227502281921588,1.1610898055983978,1.5447403500462764,1.3880110197214401,1.540313016150807,1.7210015809639858,0,1,0
quartic_d4,broad,S1_R1_H0,D+S+R,1,1,0.0,128,-6.182439488329015,1.9185648532880493,2.26798991725755,2.1054560316191284,2.263503853430328,2.4315352506838366,0,0,0
quartic_d4,broad,S1_R1_H1,D+S+R+H,1,1,0.2,128,-11.625188580737314,1.8916445669983533,2.2119778108750836,2.061891840354476,2.2106398000691048,2.3636831794438193,0,0,0
quartic_d4,clustered,S0_R0_H0,D,0,0,0.0,128,1.1161712462006694,7.250249391937159,8.05648522559688,7.605861851667384,8.038024471420803,8.540476735676105,0,0,0
quartic_d4,clustered,S0_R0_H1,D+H,0,0,0.2,128,1.0827600655171543,3.014235931226541,3.902415870628868,3.5048071607730824,3.911366246301059,4.233362055170757,0,0,0
quartic_d4,clustered,S0_R1_H0,D+R,0,1,0.0,128,-6.2239729825689025,-7.294870097869834,-3.6139710560909197,-5.480182221774325,-3.595320225100273,-1.857857475135985,128,5,0
quartic_d4,clustered,S0_R1_H1,D+R+H,0,1,0.2,128,-11.666722074977201,-12.488395930559747,-7.768040411058934,-10.314151419410054,-7.7765211800758385,-5.441320709143762,128,3,0
quartic_d4,clustered,S1_R0_H0,D+S,1,0,0.0,128,1.260913462605103,7.302525006971432,8.112785784171676,7.665564698275356,8.101092536317184,8.584631644173143,0,0,0
quartic_d4,clustered,S1_R0_H1,D+S+H,1,0,0.2,128,1.227502281921588,3.1100876706985914,3.9587164292036623,3.56090325106709,3.9768163702313295,4.298486633771143,0,0,0
quartic_d4,clustered,S1_R1_H0,D+S+R,1,1,0.0,128,-6.182439488329015,-7.199018358397784,-3.5576704975161255,-5.422423622904928,-3.545575735593478,-1.7854015862220494,128,5,0
quartic_d4,clustered,S1_R1_H1,D+S+R+H,1,1,0.2,128,-11.625188580737314,-12.3925441910877,-7.71173985248414,-10.273872932061373,-7.717313343740136,-5.40203926100971,128,3,0
quartic_d8,broad,S0_R0_H0,D,0,0,0.0,128,1.093547937871124,0.9822810133822446,1.2064701682881334,1.1050013375012515,1.2193119384766367,1.2983855371936064,0,11,0
quartic_d8,broad,S0_R0_H1,D+H,0,0,0.2,128,1.0547382055718215,0.9498497243256513,1.153857433661572,1.0601074958758412,1.1628255372232474,1.2406039778059177,0,12,0
quartic_d8,broad,S0_R1_H0,D+R,0,1,0.0,128,-8.071145765158223,1.6945922951961032,1.88174300749675,1.7891940972953955,1.8870679153129384,1.9683684761051397,0,0,0
quartic_d8,broad,S0_R1_H1,D+R+H,0,1,0.2,128,-13.149407743511725,1.66216100613951,1.8291302728701886,1.7419643373630675,1.8334236506783843,1.9084415324243296,0,0,0
quartic_d8,broad,S1_R0_H0,D+S,1,0,0.0,128,1.1456165791931283,1.0263648960554341,1.2435706414369467,1.1433222704305706,1.2502140219677882,1.335375441205407,0,13,0
quartic_d8,broad,S1_R0_H1,D+S+H,1,0,0.2,128,1.106806846893826,0.9939336069988409,1.1909579068103855,1.0965414949576895,1.1991048592906606,1.2772362143640072,0,15,0
quartic_d8,broad,S1_R1_H0,D+S+R,1,1,0.0,128,-8.03719703669499,1.7386761778692927,1.9188434806455634,1.8272018756031603,1.921726811043286,2.00187353280101,0,0,0
quartic_d8,broad,S1_R1_H1,D+S+R+H,1,1,0.2,128,-13.115459015048492,1.7062448888126995,1.8662307460190022,1.7800642722201985,1.8705314264525312,1.9420345882294527,0,0,0
quartic_d8,clustered,S0_R0_H0,D,0,0,0.0,128,1.093547937871124,5.710874368691546,6.427420449098452,6.121794942633787,6.416016184237495,6.715230495242627,0,0,0
quartic_d8,clustered,S0_R0_H1,D+H,0,0,0.2,128,1.0547382055718215,1.731395562571536,2.3453230138134926,2.103483171013121,2.3621885319808786,2.5586260622915025,0,0,0
quartic_d8,clustered,S0_R1_H0,D+R,0,1,0.0,128,-8.071145765158223,-8.363686002574608,-4.8480461230757745,-6.2499942972964515,-4.818946517018871,-3.594633083390223,128,2,0
quartic_d8,clustered,S0_R1_H1,D+R+H,0,1,0.2,128,-13.149407743511725,-13.591913931434988,-8.930143558360735,-10.718373423950068,-8.861090038060707,-7.526227899016663,128,2,0
quartic_d8,clustered,S1_R0_H0,D+S,1,0,0.0,128,1.1456165791931283,5.757175799535999,6.47157733564819,6.173578483929703,6.4533199458020984,6.751430274870276,0,0,0
quartic_d8,clustered,S1_R0_H1,D+S+H,1,0,0.2,128,1.106806846893826,1.7823383745461765,2.38947990036323,2.1403014437942476,2.405633475006585,2.59858234487665,0,0,0
quartic_d8,clustered,S1_R1_H0,D+S+R,1,1,0.0,128,-8.03719703669499,-8.317371815465968,-4.803889236526037,-6.211517766193876,-4.780601491479217,-3.5512256152988377,128,2,0
quartic_d8,clustered,S1_R1_H1,D+S+R+H,1,1,0.2,128,-13.115459015048492,-13.545599744326347,-8.885986671810997,-10.675975712288,-8.810893221592341,-7.481717978214251,128,2,0
rastrigin_d4,broad,S0_R0_H0,D,0,0,0.0,128,1.5500791025736567,1.6244150330395948,1.8527947232225181,1.7173109616614632,1.842138762551639,1.9885130766335708,0,0,0
rastrigin_d4,broad,S0_R0_H1,D+H,0,0,0.2,128,1.6392765989927318,1.6864348884723601,1.8489255162437472,1.7365652988990548,1.843962278081897,1.9533743948839617,0,0,0
rastrigin_d4,broad,S0_R1_H0,D+R,0,1,0.0,128,1.7054449870510417,1.7332020493369822,1.9103118844332498,1.810996545278444,1.9044406330157073,2.0145289390020347,0,0,0
rastrigin_d4,broad,S0_R1_H1,D+R+H,0,1,0.2,128,1.7480187781959535,1.7441873921912463,1.9064426774544787,1.826139857274647,1.910325732632467,1.9926341273738986,0,1,0
rastrigin_d4,broad,S1_R0_H0,D+S,1,0,0.0,128,1.551798221920085,1.629535011520329,1.8557684808493182,1.7206460251051836,1.8446630328441735,1.9906403414164178,0,0,0
rastrigin_d4,broad,S1_R0_H1,D+S+H,1,0,0.2,128,1.6409957183391601,1.6915548669530946,1.8518992738705469,1.739540612169068,1.8462725228028147,1.9560466336676166,0,0,0
rastrigin_d4,broad,S1_R1_H0,D+S+R,1,1,0.0,128,1.70716410639747,1.7363668183654877,1.9132856420600497,1.8137495427140358,1.9078225693778612,2.016730382259967,0,0,0
rastrigin_d4,broad,S1_R1_H1,D+S+R+H,1,1,0.2,128,1.7500646586141393,1.7507731827333863,1.9094164350812786,1.8308659285603424,1.9128475520747545,1.995678372501215,0,0,0
rastrigin_d4,clustered,S0_R0_H0,D,0,0,0.0,128,1.5500791025736567,5.237240856321303,5.681693811521399,5.446557918912071,5.698684669039201,5.912900857958891,0,0,0
rastrigin_d4,clustered,S0_R0_H1,D+H,0,0,0.2,128,1.6392765989927318,2.9122830428064845,3.352957176304636,3.209064892139427,3.3693708199600225,3.492703757042224,0,0,0
rastrigin_d4,clustered,S0_R1_H0,D+R,0,1,0.0,128,1.7054449870510417,5.690335190065907,6.150853764125825,5.9085208947584436,6.169667192760961,6.390903906690787,0,0,0
rastrigin_d4,clustered,S0_R1_H1,D+R+H,0,1,0.2,128,1.7480187781959535,3.392998307757811,3.822117128909063,3.67519734286959,3.8335125440426445,3.966951091383664,0,0,0
rastrigin_d4,clustered,S1_R0_H0,D+S,1,0,0.0,128,1.551798221920085,5.249090850064523,5.693887950177023,5.459296881525127,5.711852014044402,5.924828137395924,0,0,0
rastrigin_d4,clustered,S1_R0_H1,D+S+H,1,0,0.2,128,1.6409957183391601,2.9237581936154635,3.3651513149602614,3.222854775978457,3.3833212565157718,3.5024753444884,0,0,0
rastrigin_d4,clustered,S1_R1_H0,D+S+R,1,1,0.0,128,1.70716410639747,5.702185183809127,6.163047902781451,5.922383066495588,6.1824982147975165,6.401187353146634,0,0,0
rastrigin_d4,clustered,S1_R1_H1,D+S+R+H,1,1,0.2,128,1.7500646586141393,3.4044734585667897,3.834311267564688,3.688229184758151,3.8478764834886827,3.976212308227084,0,0,0
rosenbrock_d4,broad,S0_R0_H0,D,0,0,0.0,128,1.1314191326817018,0.982854709687045,1.292151853658175,1.139831464879571,1.2933066394270316,1.4672048685195354,0,12,0
rosenbrock_d4,broad,S0_R0_H1,D+H,0,0,0.2,128,1.0990545837457717,0.9583430432003858,1.2482701615474752,1.1066252047811957,1.2504850533251521,1.4083561963711222,0,12,0
rosenbrock_d4,broad,S0_R1_H0,D+R,0,1,0.0,128,1.705740174765549,1.604986962801528,1.8863650080475978,1.740456684375468,1.8880836197141226,2.0503027657062916,0,4,0
rosenbrock_d4,broad,S0_R1_H1,D+R+H,0,1,0.2,128,1.6733756258296189,1.5774323075647874,1.842483315936898,1.7064982573176608,1.8443363354840308,1.9932986818719702,0,4,0
rosenbrock_d4,broad,S1_R0_H0,D+S,1,0,0.0,128,1.2230788396703713,1.087797844479531,1.3905602387867912,1.248382499496158,1.3840612639481602,1.5578676317818472,0,6,0
rosenbrock_d4,broad,S1_R0_H1,D+S+H,1,0,0.2,128,1.1907142907344412,1.05737748793947,1.3466785466760918,1.2155752030296383,1.3416982421152825,1.4995125198347454,0,6,0
rosenbrock_d4,broad,S1_R1_H0,D+S+R,1,1,0.0,128,1.7973998817542185,1.6898655513369734,1.9847733931762144,1.8561173534152722,1.9833654412140693,2.156680934426862,0,6,0
rosenbrock_d4,broad,S1_R1_H1,D+S+R+H,1,1,0.2,128,1.7650353328182884,1.659445194796912,1.9408917010655142,1.8201224816252037,1.9400164926574874,2.1019247608369707,0,7,0
rosenbrock_d4,clustered,S0_R0_H0,D,0,0,0.0,128,1.1314191326817018,2.0205697367750384,2.1006864262250966,2.060666019416957,2.1023056278860643,2.1417406270996575,0,0,0
rosenbrock_d4,clustered,S0_R0_H1,D+H,0,0,0.2,128,1.0990545837457717,1.9174513021621264,1.991735261020683,1.953794031118703,1.9936983096814742,2.0309207120698454,0,0,0
rosenbrock_d4,clustered,S0_R1_H0,D+R,0,1,0.0,128,1.705740174765549,2.427683121746311,2.5856905167789375,2.5315542958302437,2.5977252082524993,2.6312207711627598,0,0,0
rosenbrock_d4,clustered,S0_R1_H1,D+R+H,0,1,0.2,128,1.6733756258296189,2.322098415153988,2.4767393515745235,2.4223854651981753,2.4884388082415807,2.518933377962093,0,0,0
rosenbrock_d4,clustered,S1_R0_H0,D+S,1,0,0.0,128,1.2230788396703713,2.024956800438692,2.105661328687412,2.066606037638882,2.107662000879477,2.1467410595672054,0,0,0
rosenbrock_d4,clustered,S1_R0_H1,D+S+H,1,0,0.2,128,1.1907142907344412,1.9218383658257798,1.9967101634829987,1.960051051328075,1.999104211461984,2.0358656683664775,0,0,0
rosenbrock_d4,clustered,S1_R1_H0,D+S+R,1,1,0.0,128,1.7973998817542185,2.4323665728025414,2.590665419241253,2.536486646351894,2.6021042256566314,2.6381783858760843,0,0,0
rosenbrock_d4,clustered,S1_R1_H1,D+S+R+H,1,1,0.2,128,1.7650353328182884,2.3267818662102187,2.481714254036839,2.428018306448103,2.492835699517407,2.5262659014417017,0,0,0
wells_d4,broad,S0_R0_H0,D,0,0,0.0,128,0.8562370944728848,1.0028044858048677,1.3447818709074761,1.201796794226088,1.3452917840418466,1.486494764231646,0,0,0
wells_d4,broad,S0_R0_H1,D+H,0,0,0.2,128,0.7464531578431784,0.982159191252931,1.298139570678431,1.1627651829066896,1.2931994519761991,1.4371710062811027,0,0,0
wells_d4,broad,S0_R1_H0,D+R,0,1,0.0,128,1.049391707952673,1.5237213827011826,1.9036053185502575,1.7457585140052914,1.9173251273305683,2.042736309854358,0,0,0
wells_d4,broad,S0_R1_H1,D+R+H,0,1,0.2,128,0.9401410090328124,1.4675669912585891,1.8569630183212125,1.7081994883963427,1.8695594351628466,1.992147520880295,0,0,0
wells_d4,broad,S1_R0_H0,D+S,1,0,0.0,128,0.8679856462575076,1.1583539210451366,1.4793397775970245,1.327318519420643,1.4844189358310318,1.6170662793047126,0,0,0
wells_d4,broad,S1_R0_H1,D+S+H,1,0,0.2,128,0.7582017096278013,1.102199529602543,1.4326974773679795,1.2720563436486245,1.4345152190228014,1.566462875486483,0,0,0
wells_d4,broad,S1_R1_H0,D+S+R,1,1,0.0,128,1.0592057406369422,1.573852656122843,2.038163225239806,1.8551033345078354,2.059053391819784,2.1745980333790125,0,0,0
wells_d4,broad,S1_R1_H1,D+S+R+H,1,1,0.2,128,0.9499821962832017,1.5176982646802495,1.9915209250107608,1.8074055561768776,2.012567068616966,2.124048500256769,0,0,0
wells_d4,clustered,S0_R0_H0,D,0,0,0.0,128,0.8562370944728848,0.8264147983637942,0.9143282243339588,0.8642043589820145,0.9097489013920137,0.9703337668926687,0,7,0
wells_d4,clustered,S0_R0_H1,D+H,0,0,0.2,128,0.7464531578431784,0.7226013893806922,0.7968967093399393,0.7527763393716779,0.794950023814172,0.8460261542017029,0,7,0
wells_d4,clustered,S0_R1_H0,D+R,0,1,0.0,128,1.049391707952673,0.9815686420018919,1.1082108666971697,1.0495210621530162,1.1074367707219022,1.1692439247676625,0,13,0
wells_d4,clustered,S0_R1_H1,D+R+H,0,1,0.2,128,0.9401410090328124,0.8727802315205493,0.9907793517031505,0.9375092200986528,0.9931813267834584,1.044510198676132,0,14,0
wells_d4,clustered,S1_R0_H0,D+S,1,0,0.0,128,0.8679856462575076,0.8370448679352442,0.9256995547209468,0.8753249951221153,0.9224622071814685,0.9812125789259502,0,9,0
wells_d4,clustered,S1_R0_H1,D+S+H,1,0,0.2,128,0.7582017096278013,0.7315214678731656,0.8082680397269274,0.7643368513034752,0.8066618910477431,0.8570550554675962,0,7,0
wells_d4,clustered,S1_R1_H0,D+S+R,1,1,0.0,128,1.0592057406369422,0.9906630258599536,1.1195821970841582,1.0602355596971191,1.1192824330978037,1.1807869105517383,0,13,0
wells_d4,clustered,S1_R1_H1,D+S+R+H,1,1,0.2,128,0.9499821962832017,0.8818746153786111,1.0021506820901387,0.9481643263894978,1.0043295177434794,1.0584176859432957,0,14,0
periodic_d1,broad,S0_R0_H0,D,0,0,0.0,128,0.38062260210249066,0.3933679157387885,0.6302249702737043,0.510156789629273,0.6279672020183588,0.7443619383960378,0,0,0
periodic_d1,broad,S0_R0_H1,D+H,0,0,0.2,128,0.37903897196973946,0.3865081265342453,0.616874349191493,0.503039352219937,0.6136479501191612,0.7275328381254124,0,0,0
periodic_d1,broad,S0_R1_H0,D+R,0,1,0.0,128,0.5931112240605352,0.6356412001962303,0.9149719965341387,0.719363515815697,0.9137881265427965,1.1022156544589097,0,0,0
periodic_d1,broad,S0_R1_H1,D+R+H,0,1,0.2,128,0.5915275939277841,0.6287814109916872,0.9016213754519273,0.7099784167577752,0.90192916584344,1.083404344142373,0,0,0
periodic_d1,broad,S1_R0_H0,D+S,1,0,0.0,128,0.5646559947645203,0.61488010863456,0.829779414631486,0.7141919075804418,0.8314104426134702,0.9435970433631158,0,0,0
periodic_d1,broad,S1_R0_H1,D+S+H,1,0,0.2,128,0.563072364631769,0.6123450918857233,0.8164287935492749,0.7059305172197643,0.8194466029658558,0.9231896831857115,0,0,0
periodic_d1,broad,S1_R1_H0,D+S+R,1,1,0.0,128,0.7771446167225649,0.8548936013787712,1.1145264408919204,0.9325100085726479,1.105693054442633,1.3007157222910102,0,0,0
periodic_d1,broad,S1_R1_H1,D+S+R+H,1,1,0.2,128,0.7755609865898135,0.8468220681618989,1.1011758198097092,0.9229726552741588,1.0916876896109406,1.2831514816270468,0,0,0
periodic_d1,clustered,S0_R0_H0,D,0,0,0.0,128,0.38062260210249066,1.124260226732163,1.163311283862241,1.1427634176541153,1.163769561848513,1.1853251316266131,0,0,0
periodic_d1,clustered,S0_R0_H1,D+H,0,0,0.2,128,0.37903897196973946,1.1042032597629137,1.1400674079087159,1.1207413455529844,1.1406385065166305,1.1599702229675184,0,0,0
periodic_d1,clustered,S0_R1_H0,D+R,0,1,0.0,128,0.5931112240605352,1.522619547636715,1.6468199891066106,1.6182848010962683,1.6495030944638729,1.678351383897699,0,0,0
periodic_d1,clustered,S0_R1_H1,D+R+H,0,1,0.2,128,0.5915275939277841,1.5010627954238176,1.623576113153086,1.5969411485474343,1.6271279700947998,1.6538524975836169,0,0,0
periodic_d1,clustered,S1_R0_H0,D+S,1,0,0.0,128,0.5646559947645203,1.1304924428080112,1.170254582700895,1.1485822996698134,1.1698310073003482,1.1927781546475158,0,0,0
periodic_d1,clustered,S1_R0_H1,D+S+H,1,0,0.2,128,0.563072364631769,1.1104354758387618,1.14701070674737,1.1272076840191319,1.1466620648777033,1.1676859190747708,0,0,0
periodic_d1,clustered,S1_R1_H0,D+S+R,1,1,0.0,128,0.7771446167225649,1.5284275512992067,1.653763287945265,1.6255610239377676,1.6557271073187123,1.6852629750203463,0,0,0
periodic_d1,clustered,S1_R1_H1,D+S+R+H,1,1,0.2,128,0.7755609865898135,1.506870799086309,1.63051941199174,1.6036540590144692,1.6331105746476533,1.6605070619653592,0,0,0
